{
  "project_info": {
    "project_number": "582322776133",
    "firebase_url": "https://siyuvizag.firebaseio.com",
    "project_id": "siyuvizag",
    "storage_bucket": "siyuvizag.appspot.com"
  },
  "client": [
    {
      "client_info": {
        "mobilesdk_app_id": "1:582322776133:android:cf8a5f576efc92174b5b2c",
        "android_client_info": {
          "package_name": "com.alcove.partners.siyu"
        }
      },
      "oauth_client": [
        {
          "client_id": "582322776133-9lralv9l2g2p7jaucd42te1n7n1psut2.apps.googleusercontent.com",
          "client_type": 1,
          "android_info": {
            "package_name": "com.alcove.partners.siyu",
            "certificate_hash": "650b91516f69e33ec417458a8364018d0dd460ef"
          }
        },
        {
          "client_id": "582322776133-r138hl33d5npullcf3phpvel9ossb9vd.apps.googleusercontent.com",
          "client_type": 3
        }
      ],
      "api_key": [
        {
          "current_key": "AIzaSyDXU8o1wLVYRs7M9vFqUH3LxE1fzP2neKM"
        }
      ],
      "services": {
        "appinvite_service": {
          "other_platform_oauth_client": [
            {
              "client_id": "582322776133-r138hl33d5npullcf3phpvel9ossb9vd.apps.googleusercontent.com",
              "client_type": 3
            }
          ]
        }
      }
    }
  ],
  "configuration_version": "1"
}